MatrixSize,Run,TimeSeconds,RealMemoryMB
128,1,0.00524,1.31250
128,2,0.00469,1.32812
128,3,0.00421,1.32812
128,4,0.00384,1.73438
128,5,0.00328,2.14062
256,1,0.02430,3.26562
256,2,0.01902,4.79688
256,3,0.01608,6.32812
256,4,0.01527,6.32812
256,5,0.01553,6.32812
512,1,0.13702,11.96875
512,2,0.13872,11.96875
512,3,0.13614,16.50000
512,4,0.13653,21.01562
512,5,0.13702,25.54688
1024,1,1.31044,43.65625
1024,2,1.26434,43.65625
1024,3,1.33303,43.65625
1024,4,1.26076,43.65625
1024,5,1.25497,43.65625
