MatrixSize,Run,TimeSeconds,RealMemoryMB
128,1,0.00963,2.65669
128,2,0.00154,2.01461
128,3,0.00184,1.93637
128,4,0.0024,1.93642
128,5,0.00209,1.93646
256,1,0.01308,3.05321
256,2,0.01297,3.08548
256,3,0.01123,3.08358
256,4,0.01196,3.08051
256,5,0.01259,3.08082
512,1,0.11026,7.64902
512,2,0.1635,7.92748
512,3,0.11216,7.83902
512,4,0.11213,7.74792
512,5,0.15223,7.78845
1024,1,1.45111,26.1715
1024,2,1.55141,26.11764
1024,3,1.57778,26.1321
1024,4,1.50127,25.9127
1024,5,1.61887,25.85844
